{
    "precision": 0.8081395348837209,
    "recall": 0.8633540372670807,
    "f1_score": 0.8348348348348347
}