{
    "precision": 0.8165680473372781,
    "recall": 0.8571428571428571,
    "f1_score": 0.8363636363636363
}